{
  "app_info": {
    "name": "SomnaSync Pro",
    "subtitle": "Advanced Sleep Optimization & AI-Powered Sleep Analysis",
    "bundle_id": "com.somnasync.pro",
    "version": "1.0.0",
    "category": "Health & Fitness",
    "subcategory": "Medical",
    "age_rating": "4+",
    "price": "Free with In-App Purchases"
  },
  "description": "Transform your sleep with SomnaSync Pro, the most advanced sleep optimization app powered by AI and cutting-edge technology.\n\n\ud83c\udf19 **AI-Powered Sleep Analysis**\n\u2022 Advanced machine learning algorithms analyze your sleep patterns\n\u2022 Personalized sleep insights and recommendations\n\u2022 Real-time sleep stage detection and tracking\n\u2022 Comprehensive sleep quality scoring\n\n\ud83c\udfb5 **Premium Audio Generation**\n\u2022 High-quality binaural beats for deep sleep (2.5Hz - 20Hz)\n\u2022 Professional white noise, pink noise, and brown noise\n\u2022 Realistic nature sounds: ocean waves, rain, forest ambience\n\u2022 Guided meditation and breathing exercises\n\u2022 Custom soundscape creation with multiple layers\n\n\ud83d\udcca **Comprehensive Sleep Tracking**\n\u2022 Apple Watch integration for biometric monitoring\n\u2022 Heart rate variability (HRV) analysis\n\u2022 Movement and sleep stage detection\n\u2022 Sleep cycle optimization recommendations\n\u2022 Historical sleep data analysis\n\n\u23f0 **Smart Alarm System**\n\u2022 Wake up at your optimal sleep cycle\n\u2022 Gentle alarm with gradual volume increase\n\u2022 Sleep debt tracking and recovery recommendations\n\u2022 Customizable alarm sounds and schedules\n\n\ud83d\udd2c **Advanced Health Integration**\n\u2022 Full HealthKit integration\n\u2022 Sleep data synchronization\n\u2022 Biometric data analysis\n\u2022 Health insights and trends\n\n\ud83c\udfaf **Personalized Experience**\n\u2022 AI-driven sleep recommendations\n\u2022 Customizable audio preferences\n\u2022 Sleep goal setting and tracking\n\u2022 Progress monitoring and achievements\n\n\ud83d\udcf1 **Premium Features**\n\u2022 Unlimited audio generation\n\u2022 Advanced sleep analytics\n\u2022 Custom soundscape creation\n\u2022 Priority customer support\n\u2022 Ad-free experience\n\n\ud83d\udd12 **Privacy & Security**\n\u2022 End-to-end encryption\n\u2022 Local data processing\n\u2022 HIPAA compliant\n\u2022 No data sharing with third parties\n\nPerfect for:\n\u2022 Anyone seeking better sleep quality\n\u2022 Sleep researchers and enthusiasts\n\u2022 People with sleep disorders\n\u2022 Wellness and health professionals\n\u2022 Meditation and mindfulness practitioners\n\nDownload SomnaSync Pro today and experience the future of sleep optimization!\n\n---\n*SomnaSync Pro uses advanced AI and machine learning to provide personalized sleep insights. Results may vary based on individual sleep patterns and health conditions.*",
  "promotional_text": [
    "AI-powered sleep analysis with personalized insights",
    "Premium audio generation with binaural beats and nature sounds",
    "Apple Watch integration for comprehensive sleep tracking",
    "Smart alarm system that wakes you at optimal times",
    "Custom soundscape creation with multiple audio layers"
  ],
  "keywords": [
    "sleep",
    "sleep tracking",
    "sleep analysis",
    "sleep optimization",
    "binaural beats",
    "white noise",
    "nature sounds",
    "meditation",
    "sleep stages",
    "sleep cycles",
    "sleep quality",
    "sleep score",
    "Apple Watch",
    "HealthKit",
    "heart rate",
    "HRV",
    "biometrics",
    "smart alarm",
    "sleep debt",
    "sleep hygiene",
    "sleep science",
    "AI sleep",
    "machine learning",
    "sleep insights",
    "sleep data",
    "ocean waves",
    "rain sounds",
    "forest ambience",
    "breathing guide",
    "sleep disorders",
    "insomnia",
    "sleep apnea",
    "circadian rhythm",
    "sleep coach",
    "sleep expert",
    "sleep doctor",
    "sleep medicine",
    "wellness",
    "health",
    "fitness",
    "mindfulness",
    "relaxation",
    "stress relief",
    "anxiety",
    "depression",
    "mental health",
    "audio therapy",
    "sound therapy",
    "frequency therapy",
    "healing sounds"
  ],
  "screenshots": [
    {
      "title": "AI Sleep Analysis Dashboard",
      "description": "Comprehensive sleep insights with AI-powered analysis and personalized recommendations"
    },
    {
      "title": "Premium Audio Library",
      "description": "High-quality binaural beats, nature sounds, and meditation audio for optimal sleep"
    },
    {
      "title": "Apple Watch Integration",
      "description": "Real-time biometric monitoring with heart rate, HRV, and movement tracking"
    },
    {
      "title": "Smart Alarm System",
      "description": "Wake up at your optimal sleep cycle with gentle, intelligent alarms"
    },
    {
      "title": "Custom Soundscape Creator",
      "description": "Create personalized audio mixes with multiple layers and effects"
    },
    {
      "title": "Sleep Data Analytics",
      "description": "Detailed sleep patterns, trends, and insights for better sleep optimization"
    }
  ],
  "whats_new": [
    "\ud83c\udfb5 Enhanced audio generation with 24-bit quality",
    "\ud83e\udd16 Improved AI sleep analysis algorithms",
    "\ud83d\udcf1 Redesigned user interface for better usability",
    "\ud83d\udd27 Performance optimizations and bug fixes",
    "\ud83c\udfaf New personalized sleep recommendations"
  ],
  "privacy_policy_highlights": [
    "No personal data collection",
    "Local data processing only",
    "End-to-end encryption",
    "HIPAA compliant",
    "No third-party data sharing"
  ],
  "support_info": {
    "website": "https://somnasync.pro",
    "email": "support@somnasync.pro",
    "privacy_policy": "https://somnasync.pro/privacy",
    "terms_of_service": "https://somnasync.pro/terms"
  }
}