{
  "taglines": [
    "Transform Your Sleep with AI-Powered Optimization",
    "The Future of Sleep Science in Your Pocket",
    "Sleep Better with Advanced AI Analysis",
    "Your Personal Sleep Optimization Expert",
    "Revolutionary Sleep Technology for Better Rest"
  ],
  "feature_highlights": [
    {
      "title": "AI Sleep Analysis",
      "description": "Advanced machine learning analyzes your sleep patterns and provides personalized insights for better sleep quality.",
      "icon": "\ud83e\udd16"
    },
    {
      "title": "Premium Audio Generation",
      "description": "High-quality binaural beats, nature sounds, and meditation audio scientifically designed for optimal sleep.",
      "icon": "\ud83c\udfb5"
    },
    {
      "title": "Apple Watch Integration",
      "description": "Real-time biometric monitoring with heart rate, HRV, and movement tracking for comprehensive sleep analysis.",
      "icon": "\u231a"
    },
    {
      "title": "Smart Alarm System",
      "description": "Wake up at your optimal sleep cycle with gentle, intelligent alarms that adapt to your sleep patterns.",
      "icon": "\u23f0"
    },
    {
      "title": "Custom Soundscapes",
      "description": "Create personalized audio mixes with multiple layers and effects for your perfect sleep environment.",
      "icon": "\ud83c\udfa8"
    }
  ],
  "testimonials": [
    {
      "text": "SomnaSync Pro completely transformed my sleep quality. The AI insights are incredibly accurate!",
      "author": "Sarah M.",
      "rating": 5
    },
    {
      "text": "The binaural beats and nature sounds are amazing. I fall asleep faster and sleep deeper than ever.",
      "author": "Michael R.",
      "rating": 5
    },
    {
      "text": "Finally, a sleep app that actually works! The Apple Watch integration is seamless.",
      "author": "Jennifer L.",
      "rating": 5
    }
  ],
  "press_release": {
    "title": "SomnaSync Pro Launches Revolutionary AI-Powered Sleep Optimization App",
    "subtitle": "Advanced machine learning and premium audio generation transform sleep science",
    "body": "\nSomnaSync Pro today announced the launch of its revolutionary sleep optimization app, combining advanced AI technology with premium audio generation to deliver the most comprehensive sleep solution available.\n\nThe app features cutting-edge machine learning algorithms that analyze sleep patterns in real-time, providing personalized insights and recommendations for better sleep quality. With full Apple Watch integration, users can track biometric data including heart rate variability (HRV), movement, and sleep stages.\n\n\"Sleep is the foundation of health and wellness,\" said the SomnaSync Pro team. \"Our AI-powered platform provides users with the tools and insights they need to optimize their sleep and improve their overall quality of life.\"\n\nKey features include:\n\u2022 AI-powered sleep analysis with personalized recommendations\n\u2022 Premium audio generation with binaural beats and nature sounds\n\u2022 Apple Watch integration for comprehensive biometric tracking\n\u2022 Smart alarm system that wakes users at optimal times\n\u2022 Custom soundscape creation with multiple audio layers\n\nSomnaSync Pro is available for free download on the App Store with premium features available through in-app purchases.\n                "
  }
}